{"nodes":{"node:1":{"location":{"x":10,"y":10}},"node:4":{"location":{"x":210,"y":60}}},"selection":null,"view":{"scroll":{"x":-245.52911376953125,"y":-0.103838033974170685},"visible_rect":{"max":{"x":12376.0966796875,"y":188.010726928710938},"min":{"x":-11848.09765625,"y":-5.0107426643371582}},"zoom":0.0207230839878320694}}