{"nodes":{"node:1":{"location":{"x":-692,"y":-16}},"node:3":{"location":{"x":-500,"y":-16}},"node:5":{"location":{"x":-297,"y":31}},"node:7":{"location":{"x":-292,"y":-64}}},"selection":null,"view":{"scroll":{"x":-941.53045654296875,"y":-280.37933349609375},"visible_rect":{"max":{"x":-108.200027465820312,"y":244.349990844726562},"min":{"x":-719.79998779296875,"y":-214.349990844726562}},"zoom":1.30804455280303955}}