{"nodes":{"node:1":{"location":{"x":10,"y":10}},"node:4":{"location":{"x":210,"y":60}}},"selection":null,"view":{"scroll":{"x":-246.4381103515625,"y":-0.150208652019500732},"visible_rect":{"max":{"x":9187.44921875,"y":138.399978637695312},"min":{"x":-8859.44921875,"y":-5.40000057220458984}},"zoom":0.0278164148330688477}}