{"nodes":{"node:1":{"location":{"x":-84,"y":26}},"node:3":{"location":{"x":168,"y":63}},"node:5":{"location":{"x":28,"y":-85}},"node:7":{"location":{"x":172,"y":-85}}},"selection":null,"view":{"scroll":{"x":-249.381973266601562,"y":-1.54192829132080078},"visible_rect":{"max":{"x":17095.92578125,"y":166.350006103515625},"min":{"x":-16876.92578125,"y":-104.349998474121094}},"zoom":0.0147765045985579491}}