{"nodes":{"node:1":{"location":{"x":10,"y":10}},"node:4":{"location":{"x":210,"y":60}}},"selection":null,"view":{"scroll":{"x":-8.00121688842773438,"y":-44.466949462890625},"visible_rect":{"max":{"x":333.39996337890625,"y":163.0107421875},"min":{"x":-5.4000239372253418,"y":-30.0107593536376953}},"zoom":1.48170018196105957}}