{"nodes":{"node:1":{"location":{"x":-100,"y":74}},"node:3":{"location":{"x":168,"y":63}},"node:5":{"location":{"x":-23,"y":-229}},"node:7":{"location":{"x":172,"y":-85}}},"selection":null,"view":{"scroll":{"x":-250.049850463867188,"y":-2.33231925964355469},"visible_rect":{"max":{"x":26914.57421875,"y":178.149993896484375},"min":{"x":-26711.57421875,"y":-249.149993896484375}},"zoom":0.00936110503971576691}}