{"nodes":{"node:1":{"location":{"x":-84,"y":26}},"node:3":{"location":{"x":168,"y":63}},"node:5":{"location":{"x":28,"y":-85}},"node:7":{"location":{"x":172,"y":-85}}},"selection":null,"view":{"scroll":{"x":-148.531463623046875,"y":-226.0643310546875},"visible_rect":{"max":{"x":602.49993896484375,"y":283.224578857421875},"min":{"x":-112.499992370605469,"y":-171.224563598632812}},"zoom":1.32027971744537354}}