{"nodes":{"node:1":{"location":{"x":-100,"y":74}},"node:3":{"location":{"x":168,"y":63}},"node:5":{"location":{"x":-23,"y":-229}},"node:7":{"location":{"x":172,"y":-85}}},"selection":null,"view":{"scroll":{"x":-220.93695068359375,"y":-164.3779296875},"visible_rect":{"max":{"x":562.1260986328125,"y":243.244140625},"min":{"x":-441.8739013671875,"y":-328.755859375}},"zoom":0.5}}