{"nodes":{"node:1":{"location":{"x":-692,"y":-16}},"node:3":{"location":{"x":-500,"y":-16}},"node:5":{"location":{"x":-297,"y":31}},"node:7":{"location":{"x":-292,"y":-64}}},"selection":null,"view":{"scroll":{"x":-776.56396484375,"y":-253.387847900390625},"visible_rect":{"max":{"x":23.43603515625,"y":346.612152099609375},"min":{"x":-776.56396484375,"y":-253.387847900390625}},"zoom":1}}